Nombre_fichero,N_Pistas,melody,bass,piano_rh,piano_lh,mixdown,Observaciones
Baroque_Baroque-Late_Bach_348baw101f.mid,6,3 4 5 6,,,,,
Baroque_Baroque-Late_Bach_3PART_04.mid,3,,,1,3,,
Baroque_Baroque-Late_Bach_3PART_13.mid,3,,,1,3,,
Baroque_Baroque-Late_Bach_anna-29.mid,3,,,1,2 3,,
Baroque_Baroque-Late_Bach_babwv656.mid,7,,3,1,2,,
Baroque_Baroque-Late_Bach_Bach_cantata_41_6.mid,4,1,4,,,,
Baroque_Baroque-Late_Bach_bjs83104.mid,6,,,3,4,,
Baroque_Baroque-Late_Bach_BWV818.mid,2,,,,,1,
Baroque_Baroque-Late_Bach_jsb0002.mid,1,,,,,1,
Baroque_Baroque-Late_Bach_prelud10.mid,1,,,,,1,
Baroque_Baroque-Late_Bach_Toccata_e_fuga.mid,5,,,1,2,,
Baroque_Baroque-Late_Bach_WT2_XX1A.mid,3,1,3,,,,fuga a 3
Baroque_Baroque-Late_Corelli_Corelli_Pastorale_dal_Concerto_per_la_notte_di_Natale.mid,16,,3,,,1 2,
Baroque_Baroque-Late_Haendel_handms46.mid,9,1 3 5,8 9,,,,dudas melod√≠a
Baroque_Baroque-Late_Pachelbel_pachelbel_magnificat_part_II_07.mid,16,,,,,1,
Baroque_Baroque-Late_Vivaldi_1_autun1.mid,1,,,,,0,
Baroque_Baroque-Middle_Blow_johnblow.mid,2,,,2,1,,
Baroque_Baroque-Middle_Uccellini_03op8sy_m.mid,4,1,4,,,,
Classicism_Classicism_Clementi_2389tmcl36no4.mid,1,,,,,1,
Classicism_Classicism_Haydn_hydn49_2.mid,8,2 4,8,,,,
Classicism_Classicism_Haydn_SONAT_C2.mid,1,,,,,1,
Classicism_Classicism_Haydn_Sonata_in_E-flat_Hob.XV,1,,,,,1,
Classicism_Classicism_Mozart_2249phantasiereg.mid,2,,,1,2,,
Classicism_Classicism_Mozart_Symphony35-41-8-moz550_3.mid,10,1 6,9,,,,
Classicism_Classicism_Paganini_pagni01.mid,7,6,1,,,,
Classicism_Pre-classicism_Scarlatti_K029.mid,1,,,,,0,multichannel interleaved melody
Classicism_Pre-classicism_Scarlatti_K040.mid,1,,,,,0,multichannel interleaved melody
Classicism_Pre-classicism_Scarlatti_K041.mid,1,,,,,0,multichannel interleaved melody
Classicism_Pre-classicism_Scarlatti_k112_solo.mid,1,1,,,,,
Classicism_Pre-classicism_Scarlatti_K146.mid,1,,,,,0,multichannel interleaved melody
Classicism_Pre-classicism_Scarlatti_K410.mid,1,,,,,0,multichannel interleaved melody
Medieval_ArsAntiqua_Anonymous_congaudeant_catholici-thv.mid,4,1 2,3,,,,
Medieval_ArsNova_Henry4_henryvi_sanctus.mid,9,1,3,,,,
Medieval_Gregorian_gre77.mid,1,1,,,,,
Renaissance_Renaissance-Early_Anonymous_verbum_carum_factum_est-Early.mid,10,2,5,,,,
Renaissance_Renaissance-Late_Byrd_FW058.mid,2,,,,,1,
Renaissance_Renaissance-Late_Lassus_wohl_kommt_der_mai.mid,10,2,5,,,,
Renaissance_Renaissance-Late_Praetorius_praetorius-est_ist_ein_ros.mid,8,2,5,,,,
Renaissance_Renaissance-Late_Victoria_Gaude_Maria_Virgo-b.mid,5,1 2,5,,,,
Renaissance_Renaissance-Late_Victoria_Hic_Vir_Despiciens_Mundum-s.mid,4,1,4,,,,
Renaissance_Renaissance-Late_Victoria_Laetatus_Sum-2-Gloria-3b.mid,12,1 5 9,4 8 12,,,,multiples satb
Renaissance_Renaissance-Late_Victoria_LJ6-Aleph_Ego_Vir-2s.mid,6,1 2 4,6,,,,dos trios vocales
Renaissance_Renaissance-Late_Victoria_Misa_Quarti_Toni-4-Sanctus-c.mid,4,1,4,,,,satb
Renaissance_Renaissance-Late_Victoria_Pro_Victoria-1-Kyrie-2t.mid,9,1 6,5 9,,,,Ssatb + satb
Renaissance_Renaissance-Late_Victoria_Pueri_Hebraeorum.mid,4,1,4,,,,
Renaissance_Renaissance-Late_Victoria_Simile_Est_Regnum_Coelorum-6-Agnus_Dei-1c.mid,8,1 5,4 8,,,,satb+satb
Renaissance_Renaissance-Late_Victoria_Surge_Propera-2-Gloria-b.mid,5,1,5,,,,sattb
Renaissance_Renaissance-Late_Victoria_TR06-Seniores_Populi.mid,4,1,4,,,,satb
Renaissance_Renaissance-Late_Victoria_TR09-Animam_Meam_Dilectam.mid,4,1,4,,,,satb
Renaissance_Renaissance-Late_Victoria_Ut_Queant_Laxis-b.mid,4,1 2,4,,,,satb
Renaissance_Renaissance-Middle_Senfl_senfl_als_ab_und_hin.mid,10,2,5,,,,satb
Renaissance_Renaissance-Middle_Susato_hoboeckentanz.mid,10,2,5,,,,
Renaissance_Renaissance-Middle_Susato_susato-labattaille.mid,14,2,5,,,,
Romanticism_Post-romanticism_Bruch_ADAGOP26.mid,2,,,2,1,,
Romanticism_Post-romanticism_Busoni_Busoni3.mid,38,1 3 31,16 37,,,,Contrapunctal symphonic work
Romanticism_Post-romanticism_Chaminade_1591ccop60.mid,4,,,1 3,2 4,,Two pianos
Romanticism_Post-romanticism_Dupre_1511prel2.mid,3,1,3,,,,
Romanticism_Post-romanticism_Rachmaninoff_etuded.mid,2,,,,,1,Piano etude mixed down
Romanticism_Post-romanticism_Scriabin_prelude_op13_no6.mid,2,,,1,2,,
Romanticism_Romantic-Nationalism_German_962choreg.mid,2,,,1,2,,
Romanticism_Romantic-Nationalism_Moszkowski_1845spandanc.mid,4,,,1 3,2 4,,Piano 4 hands
Romanticism_Romantic-Nationalism_Rimsky_Korsakov_12FLIGHT.mid,7,1,,,,,Incomplete (only 10 bars)
Romanticism_Romantic-Nationalism_Tchaikovsky_pit010b.mid,16,1,,2,3,,Violin and piano
Romanticism_Romanticism_Beethoven_beet54s.mid,16,1 12,10 16,,,,
Romanticism_Romanticism_Beethoven_Gp_past.mid,14,1 10,13 14,,,,Pastorale symphony
Romanticism_Romanticism_Beethoven_Symphonie8_Opus93_Mvt4-lucarelli.mid,18,9,13,,,,
Romanticism_Romanticism_Bizet_bizet_carmen_15.mid,7,1,,6,7,,
Romanticism_Romanticism_Bizet_TOREADOR.mid,3,1,3,,,,
Romanticism_Romanticism_Brahms_jbwaltz3-op39.mid,6,3,6,,,,
Romanticism_Romanticism_Chopin_chop1011.mid,2,,,,,0,Format 0??
Romanticism_Romanticism_Chopin_CHOP59_2.mid,9,,,,,1,2-9 vacias
Romanticism_Romanticism_Chopin_CHOPINPC.mid,20,,,,,,DELETE
Romanticism_Romanticism_Chopin_Etude_in_Fm_Op10_No9_2.mid,1,,,,,0,
Romanticism_Romanticism_Chopin_Etude_in_Gbm_Op10_No5_7.mid,7,,,1,2,,3-7 vacias
Romanticism_Romanticism_Chopin_Mazurka_Op.7_No2_in_Am.mid,6,,,,,1,2-6 vacias
Romanticism_Romanticism_Chopin_Piano_Sonata_No3_in_Bm_Op.58_mov4.Finale_Presto_non_tanto.mid,2,,,1,2,,
Romanticism_Romanticism_Chopin_Prelude_Op28_No24_in_Dm_The_Storm_3.mid,2,,,1,2,,
Romanticism_Romanticism_Chopin_Trois_Valses_Op.70_1.Molto_vivace_in_Gb.mid,6,,,,,1,2-6 vacias
Romanticism_Romanticism_Liszt_Christmas_Tree_11.Hungarian_Christmas.mid,13,,,1 3,2 4,,Piano 4 hands
Romanticism_Romanticism_Liszt_Solo_Concerto.mid,5,,,,,,DELETE - piano solo in 4 tracks
Romanticism_Romanticism_Mendelssohn_cancion_de_primavera_felix_mendelssohn.mid,1,,,,,1,
Romanticism_Romanticism_Mendelssohn_Eli02.mid,10,1,9,,,,
Romanticism_Romanticism_Mendelssohn_Eli28.mid,4,1,,,,,
Romanticism_Romanticism_Panofka_panofka_24_vocalises_ttes_voix_17.mid,3,1,,2,3,,
Romanticism_Romanticism_Sullivan_04and05.mid,2,,,,,,DELETE - incomplete
XXCentury_Expressionism_Schoenberg_6_Kleine_Klavierstucke_op.19_4.mid,1,,,,,1,DELETE -too short
XXCentury_Impressionism_Debussy_011_childr_4.mid,9,2,7,,,,
XXCentury_Impressionism_Debussy_012_debima0.mid,7,,,,,,DELETE - piano in multiple tracks
XXCentury_Impressionism_Debussy_034_debrap.mid,20,7,20,,,,
XXCentury_Impressionism_Debussy_1_debpre22.mid,9,,,,,,DELETE - Prelude Book 2 No. 10 Canope - piano in multiple tracks
XXCentury_Impressionism_Debussy_5_plp3.mid,2,,,1,2,1,Solo piano - mostly in one track
XXCentury_Impressionism_Debussy_debussy-lafille.mid,3,1,,,,3,La fille aux chevaux de lin
XXCentury_Impressionism_Ravel_ravel-gaspard_nuit_ondine_1.mid,5,,,,,1,2-5 vacias
XXCentury_Neoclassicism_Prokofiev_piano_conc_no3_op26_mov1.mid,16,,,,,,DELETE - roving melodies
XXCentury_XX-Nationalism_Albeniz_albesp6.mid,8,,,1,2,,Piano - empty track 3-8
XXCentury_XX-Nationalism_Bartok_2496tm10es07.mid,1,,,,,1,
XXCentury_XX-Nationalism_Elgar_cello_conc_op85_mov4.mid,18,11,16,,,,"Elgar's Cello Concerto, 4th mov't"
XXCentury_XX-Nationalism_Falla_2297tmfirdnc.mid,1,,,,,1,Piano mixdown
XXCentury_XX-Nationalism_Khachaturian_toccata.mid,8,,,,,1,Piano - empty tracks 2-8
XXCentury_XX-Nationalism_Orff_Orff-Carmina_Burana-werwelmi.mid,21,1,16,,,,